Antonio Larkin,Tuvalu,Oregon,North Port,https://cloudflare-ipfs.com/ipfs/Qmd3W5DuhgHirLHGVixi6V76LhCkZUz6pnFt5AJBiyvHye/avatar/252.jpg,Agender,1
Naomi Cole,Cyprus,Connecticut,Titusville,https://cloudflare-ipfs.com/ipfs/Qmd3W5DuhgHirLHGVixi6V76LhCkZUz6pnFt5AJBiyvHye/avatar/214.jpg,Multigender,2
Pauline Swaniawski,Paraguay,California,Peoria,https://cloudflare-ipfs.com/ipfs/Qmd3W5DuhgHirLHGVixi6V76LhCkZUz6pnFt5AJBiyvHye/avatar/703.jpg,Cis man,3
Lynn Schuster,Morocco,Missouri,Waltham,https://cloudflare-ipfs.com/ipfs/Qmd3W5DuhgHirLHGVixi6V76LhCkZUz6pnFt5AJBiyvHye/avatar/1189.jpg,Demi-woman,4
Wade Parker,Mauritius,Maine,Salt Lake City,https://cloudflare-ipfs.com/ipfs/Qmd3W5DuhgHirLHGVixi6V76LhCkZUz6pnFt5AJBiyvHye/avatar/626.jpg,Gender questioning,5
Vernon Waelchi,Northern Mariana Islands,California,Burien,https://cloudflare-ipfs.com/ipfs/Qmd3W5DuhgHirLHGVixi6V76LhCkZUz6pnFt5AJBiyvHye/avatar/188.jpg,Androgyne,6
Katherine Spinka MD,Denmark,Kansas,Atascocita,https://cloudflare-ipfs.com/ipfs/Qmd3W5DuhgHirLHGVixi6V76LhCkZUz6pnFt5AJBiyvHye/avatar/535.jpg,Cis,7
Beth D'Amore,Cocos (Keeling) Islands,California,Coachella,https://cloudflare-ipfs.com/ipfs/Qmd3W5DuhgHirLHGVixi6V76LhCkZUz6pnFt5AJBiyvHye/avatar/577.jpg,Cis,8
Ira Koss,Bhutan,Wisconsin,Warwick,https://cloudflare-ipfs.com/ipfs/Qmd3W5DuhgHirLHGVixi6V76LhCkZUz6pnFt5AJBiyvHye/avatar/330.jpg,Demiflux,9
Leticia McLaughlin,Jersey,Alaska,Redlands,https://cloudflare-ipfs.com/ipfs/Qmd3W5DuhgHirLHGVixi6V76LhCkZUz6pnFt5AJBiyvHye/avatar/452.jpg,Transexual woman,10
Vera Lowe IV,Western Sahara,Texas,Lubbock,https://cloudflare-ipfs.com/ipfs/Qmd3W5DuhgHirLHGVixi6V76LhCkZUz6pnFt5AJBiyvHye/avatar/217.jpg,Male to female transgender woman,11
Debbie Hammes,Colombia,Delaware,Riverside,https://cloudflare-ipfs.com/ipfs/Qmd3W5DuhgHirLHGVixi6V76LhCkZUz6pnFt5AJBiyvHye/avatar/1003.jpg,Transexual female,12
Deborah Effertz,Ethiopia,Pennsylvania,Huntington,https://cloudflare-ipfs.com/ipfs/Qmd3W5DuhgHirLHGVixi6V76LhCkZUz6pnFt5AJBiyvHye/avatar/491.jpg,Woman,13
Patricia Reichert,Egypt,Texas,Victorville,https://cloudflare-ipfs.com/ipfs/Qmd3W5DuhgHirLHGVixi6V76LhCkZUz6pnFt5AJBiyvHye/avatar/711.jpg,Trans man,14
Yvonne Flatley,Sierra Leone,North Dakota,Grand Forks,https://cloudflare-ipfs.com/ipfs/Qmd3W5DuhgHirLHGVixi6V76LhCkZUz6pnFt5AJBiyvHye/avatar/430.jpg,Transexual female,15
Rachel Koch,Libyan Arab Jamahiriya,New Mexico,Santa Cruz,https://cloudflare-ipfs.com/ipfs/Qmd3W5DuhgHirLHGVixi6V76LhCkZUz6pnFt5AJBiyvHye/avatar/1202.jpg,Man,16
Harvey Murray,Saint Martin,Arizona,Yucaipa,https://cloudflare-ipfs.com/ipfs/Qmd3W5DuhgHirLHGVixi6V76LhCkZUz6pnFt5AJBiyvHye/avatar/1045.jpg,Transexual man,17
Myra Marquardt,Guinea-Bissau,Connecticut,Arvada,https://cloudflare-ipfs.com/ipfs/Qmd3W5DuhgHirLHGVixi6V76LhCkZUz6pnFt5AJBiyvHye/avatar/519.jpg,Man,18
Alex D'Amore,Maldives,Georgia,Toms River,https://cloudflare-ipfs.com/ipfs/Qmd3W5DuhgHirLHGVixi6V76LhCkZUz6pnFt5AJBiyvHye/avatar/123.jpg,Transgender female,19
Faye Volkman,Ecuador,Nevada,Elyria,https://cloudflare-ipfs.com/ipfs/Qmd3W5DuhgHirLHGVixi6V76LhCkZUz6pnFt5AJBiyvHye/avatar/580.jpg,Trans person,20
Lee Toy,Liechtenstein,South Dakota,Lauderhill,https://cloudflare-ipfs.com/ipfs/Qmd3W5DuhgHirLHGVixi6V76LhCkZUz6pnFt5AJBiyvHye/avatar/47.jpg,Trigender,21
Sonya Smith,Qatar,Vermont,New Bedford,https://cloudflare-ipfs.com/ipfs/Qmd3W5DuhgHirLHGVixi6V76LhCkZUz6pnFt5AJBiyvHye/avatar/302.jpg,Two-spirit person,22
Joanna Hilll,Bosnia and Herzegovina,Florida,Flagstaff,https://cloudflare-ipfs.com/ipfs/Qmd3W5DuhgHirLHGVixi6V76LhCkZUz6pnFt5AJBiyvHye/avatar/224.jpg,Trans woman,23
Johnny Lemke,Solomon Islands,Missouri,Santee,https://cloudflare-ipfs.com/ipfs/Qmd3W5DuhgHirLHGVixi6V76LhCkZUz6pnFt5AJBiyvHye/avatar/78.jpg,Transmasculine,24
Mr. Yolanda Goyette,Austria,Connecticut,Evansville,https://cloudflare-ipfs.com/ipfs/Qmd3W5DuhgHirLHGVixi6V76LhCkZUz6pnFt5AJBiyvHye/avatar/273.jpg,Cisgender,25
Yolanda Kunze,Burundi,Ohio,Santa Clara,https://cloudflare-ipfs.com/ipfs/Qmd3W5DuhgHirLHGVixi6V76LhCkZUz6pnFt5AJBiyvHye/avatar/844.jpg,Transgender person,26
Kristine Abshire V,Yemen,Wisconsin,Pontiac,https://cloudflare-ipfs.com/ipfs/Qmd3W5DuhgHirLHGVixi6V76LhCkZUz6pnFt5AJBiyvHye/avatar/1166.jpg,Intersex man,27
Walter Hintz V,Netherlands Antilles,Missouri,Pasco,https://cloudflare-ipfs.com/ipfs/Qmd3W5DuhgHirLHGVixi6V76LhCkZUz6pnFt5AJBiyvHye/avatar/764.jpg,Male to female trans woman,28
Christian Robel,Qatar,Alabama,Diamond Bar,https://cloudflare-ipfs.com/ipfs/Qmd3W5DuhgHirLHGVixi6V76LhCkZUz6pnFt5AJBiyvHye/avatar/599.jpg,Gender neutral,29
Frank Fay,Kuwait,Georgia,Alhambra,https://cloudflare-ipfs.com/ipfs/Qmd3W5DuhgHirLHGVixi6V76LhCkZUz6pnFt5AJBiyvHye/avatar/393.jpg,M2F,30
Colin Bernier,Saint Vincent and the Grenadines,Connecticut,Sugar Land,https://cloudflare-ipfs.com/ipfs/Qmd3W5DuhgHirLHGVixi6V76LhCkZUz6pnFt5AJBiyvHye/avatar/691.jpg,Cis female,31
Hazel Treutel,Tajikistan,California,Pflugerville,https://cloudflare-ipfs.com/ipfs/Qmd3W5DuhgHirLHGVixi6V76LhCkZUz6pnFt5AJBiyvHye/avatar/1114.jpg,Bigender,32
Craig Considine DVM,Mongolia,Ohio,Port Arthur,https://cloudflare-ipfs.com/ipfs/Qmd3W5DuhgHirLHGVixi6V76LhCkZUz6pnFt5AJBiyvHye/avatar/34.jpg,Trans male,33
Juanita Adams,Cocos (Keeling) Islands,Vermont,Revere,https://cloudflare-ipfs.com/ipfs/Qmd3W5DuhgHirLHGVixi6V76LhCkZUz6pnFt5AJBiyvHye/avatar/1006.jpg,Bigender,34
Otis Beatty,France,Missouri,South Valley,https://cloudflare-ipfs.com/ipfs/Qmd3W5DuhgHirLHGVixi6V76LhCkZUz6pnFt5AJBiyvHye/avatar/945.jpg,Gender neutral,35
Mrs. Casey Schiller,Jordan,Louisiana,League City,https://cloudflare-ipfs.com/ipfs/Qmd3W5DuhgHirLHGVixi6V76LhCkZUz6pnFt5AJBiyvHye/avatar/492.jpg,Agender,36
Grady Littel,Saint Lucia,North Dakota,Johnson City,https://cloudflare-ipfs.com/ipfs/Qmd3W5DuhgHirLHGVixi6V76LhCkZUz6pnFt5AJBiyvHye/avatar/1040.jpg,Genderqueer,37
Jerald Hagenes,Mayotte,Maine,Colton,https://cloudflare-ipfs.com/ipfs/Qmd3W5DuhgHirLHGVixi6V76LhCkZUz6pnFt5AJBiyvHye/avatar/210.jpg,Transexual person,38
Marion Pollich,Saint Barthelemy,Idaho,San Luis Obispo,https://cloudflare-ipfs.com/ipfs/Qmd3W5DuhgHirLHGVixi6V76LhCkZUz6pnFt5AJBiyvHye/avatar/819.jpg,Cis man,39
Flora Cassin,Tokelau,Arkansas,Clarksville,https://cloudflare-ipfs.com/ipfs/Qmd3W5DuhgHirLHGVixi6V76LhCkZUz6pnFt5AJBiyvHye/avatar/251.jpg,F2M,40
Juanita Deckow,Hong Kong,Minnesota,Los Angeles,https://cloudflare-ipfs.com/ipfs/Qmd3W5DuhgHirLHGVixi6V76LhCkZUz6pnFt5AJBiyvHye/avatar/285.jpg,Man,41
Corey White,Morocco,Arkansas,Framingham,https://cloudflare-ipfs.com/ipfs/Qmd3W5DuhgHirLHGVixi6V76LhCkZUz6pnFt5AJBiyvHye/avatar/152.jpg,Two-spirit person,42
Nathaniel O'Connell,Chad,New York,Hilo,https://cloudflare-ipfs.com/ipfs/Qmd3W5DuhgHirLHGVixi6V76LhCkZUz6pnFt5AJBiyvHye/avatar/1216.jpg,Intersex man,43
Miss Leland Schowalter,Republic of Korea,Massachusetts,Orem,https://cloudflare-ipfs.com/ipfs/Qmd3W5DuhgHirLHGVixi6V76LhCkZUz6pnFt5AJBiyvHye/avatar/362.jpg,Trans woman,44
Marvin Kihn,Saint Martin,West Virginia,Canton,https://cloudflare-ipfs.com/ipfs/Qmd3W5DuhgHirLHGVixi6V76LhCkZUz6pnFt5AJBiyvHye/avatar/371.jpg,Cis,45
Leonard Gusikowski,New Caledonia,Alabama,Bossier City,https://cloudflare-ipfs.com/ipfs/Qmd3W5DuhgHirLHGVixi6V76LhCkZUz6pnFt5AJBiyvHye/avatar/238.jpg,Androgynous,46
Ray King,Sri Lanka,Texas,Alexandria,https://cloudflare-ipfs.com/ipfs/Qmd3W5DuhgHirLHGVixi6V76LhCkZUz6pnFt5AJBiyvHye/avatar/1229.jpg,Demi-girl,47
Lance Bergstrom,Portugal,Rhode Island,Frederick,https://cloudflare-ipfs.com/ipfs/Qmd3W5DuhgHirLHGVixi6V76LhCkZUz6pnFt5AJBiyvHye/avatar/1130.jpg,Male to female,48
Floyd Schmitt,Spain,Louisiana,Dothan,https://cloudflare-ipfs.com/ipfs/Qmd3W5DuhgHirLHGVixi6V76LhCkZUz6pnFt5AJBiyvHye/avatar/1134.jpg,Transexual person,49
Miss Dominic Schuppe,Yemen,Hawaii,Everett,https://cloudflare-ipfs.com/ipfs/Qmd3W5DuhgHirLHGVixi6V76LhCkZUz6pnFt5AJBiyvHye/avatar/1175.jpg,Agender,50
